{
    "data": [{
            "AgentID": "7C6LEU",
            "FollowupDate": null,
            "DueDateTime": null,
            "CaseType": "Request",
            "Subject": "Round robin 1",
            "ContactStatus": null,
            "CreatedBy": "mousumib@unfyd.com",
            "RequestedBy": "mousumib@unfyd.com",
            "AccountName": null,
            "Description": "\u003chtml xmlns:v=\"urn:schemas-microsoft-com:vml\" xmlns:o=\"urn:schemas-microsoft-com:office:office\" xmlns:w=\"urn:schemas-microsoft-com:office:word\" xmlns:m=\"http://schemas.microsoft.com/office/2004/12/omml\" xmlns=\"http://www.w3.org/TR/REC-html40\"\u003e\r\n\u003chead\u003e\r\n\u003cmeta http-equiv=\"Content-Type\" content=\"text/html; charset=us-ascii\"\u003e\r\n\u003cmeta name=\"Generator\" content=\"Microsoft Word 15 (filtered medium)\"\u003e\r\n\u003c!--[if !mso]\u003e\u003cstyle\u003ev\\:* {behavior:url(#default#VML);}\r\no\\:* {behavior:url(#default#VML);}\r\nw\\:* {behavior:url(#default#VML);}\r\n.shape {behavior:url(#default#VML);}\r\n\u003c/style\u003e\u003c![endif]--\u003e\u003cstyle\u003e\u003c!--\r\n/* Font Definitions */\r\n@font-face\r\n\t{font-family:\"Cambria Math\";\r\n\tpanose-1:2 4 5 3 5 4 6 3 2 4;}\r\n@font-face\r\n\t{font-family:Calibri;\r\n\tpanose-1:2 15 5 2 2 2 4 3 2 4;}\r\n@font-face\r\n\t{font-family:Tahoma;\r\n\tpanose-1:2 11 6 4 3 5 4 4 2 4;}\r\n@font-face\r\n\t{font-family:Constantia;\r\n\tpanose-1:2 3 6 2 5 3 6 3 3 3;}\r\n/* Style Definitions */\r\np.MsoNormal, li.MsoNormal, div.MsoNormal\r\n\t{margin:0cm;\r\n\tfont-size:11.0pt;\r\n\tfont-family:\"Calibri\",sans-serif;\r\n\tmso-fareast-language:EN-US;}\r\nspan.EmailStyle17\r\n\t{mso-style-type:personal-compose;\r\n\tfont-family:\"Calibri\",sans-serif;\r\n\tcolor:windowtext;}\r\n.MsoChpDefault\r\n\t{mso-style-type:export-only;\r\n\tfont-family:\"Calibri\",sans-serif;\r\n\tmso-fareast-language:EN-US;}\r\n@page WordSection1\r\n\t{size:612.0pt 792.0pt;\r\n\tmargin:72.0pt 72.0pt 72.0pt 72.0pt;}\r\ndiv.WordSection1\r\n\t{page:WordSection1;}\r\n--\u003e\u003c/style\u003e\u003c!--[if gte mso 9]\u003e\u003cxml\u003e\r\n\u003co:shapedefaults v:ext=\"edit\" spidmax=\"1026\" /\u003e\r\n\u003c/xml\u003e\u003c![endif]--\u003e\u003c!--[if gte mso 9]\u003e\u003cxml\u003e\r\n\u003co:shapelayout v:ext=\"edit\"\u003e\r\n\u003co:idmap v:ext=\"edit\" data=\"1\" /\u003e\r\n\u003c/o:shapelayout\u003e\u003c/xml\u003e\u003c![endif]--\u003e\r\n\u003c/head\u003e\r\n\u003cbody lang=\"EN-IN\" link=\"#0563C1\" vlink=\"#954F72\" style=\"word-wrap:break-word\"\u003e\r\n\u003cdiv class=\"WordSection1\"\u003e\r\n\u003cp class=\"MsoNormal\"\u003eRound robin 1\u003co:p\u003e\u003c/o:p\u003e\u003c/p\u003e\r\n\u003cp class=\"MsoNormal\"\u003e\u003co:p\u003e\u0026nbsp;\u003c/o:p\u003e\u003c/p\u003e\r\n\u003cp class=\"MsoNormal\" style=\"line-height:120%\"\u003e\u003cspan style=\"font-size:9.0pt;line-height:120%;font-family:\u0026quot;Tahoma\u0026quot;,sans-serif;color:#595959;mso-fareast-language:EN-IN\"\u003eRegards,\u003c/span\u003e\u003cspan lang=\"EN-US\" style=\"mso-fareast-language:EN-IN\"\u003e\u003co:p\u003e\u003c/o:p\u003e\u003c/span\u003e\u003c/p\u003e\r\n\u003cp class=\"MsoNormal\" style=\"line-height:120%\"\u003e\u003cb\u003e\u003cspan style=\"font-size:9.0pt;line-height:120%;font-family:\u0026quot;Tahoma\u0026quot;,sans-serif;mso-fareast-language:EN-IN\"\u003eMousumi Borah\u003c/span\u003e\u003c/b\u003e\u003cspan lang=\"EN-US\" style=\"mso-fareast-language:EN-IN\"\u003e\u003co:p\u003e\u003c/o:p\u003e\u003c/span\u003e\u003c/p\u003e\r\n\u003cp class=\"MsoNormal\" style=\"text-align:justify;line-height:105%;text-autospace:none\"\u003e\r\n\u003cb\u003e\u003cspan style=\"font-size:9.0pt;line-height:105%;font-family:\u0026quot;Tahoma\u0026quot;,sans-serif;color:red;mso-fareast-language:EN-IN\"\u003eUNFYD\u0026reg;\u003c/span\u003e\u003c/b\u003e\u003cspan style=\"font-size:9.0pt;line-height:105%;font-family:\u0026quot;Tahoma\u0026quot;,sans-serif;color:#474747;mso-fareast-language:EN-IN\"\u003e\r\n | Break Digital Silos\u003c/span\u003e\u003cspan lang=\"EN-US\" style=\"mso-fareast-language:EN-IN\"\u003e\u003co:p\u003e\u003c/o:p\u003e\u003c/span\u003e\u003c/p\u003e\r\n\u003cp class=\"MsoNormal\" style=\"line-height:120%\"\u003e\u003cb\u003e\u003cspan style=\"font-size:9.0pt;line-height:120%;font-family:\u0026quot;Tahoma\u0026quot;,sans-serif;color:#595959;mso-fareast-language:EN-IN\"\u003eMobile\u003c/span\u003e\u003c/b\u003e\u003cspan style=\"font-size:9.0pt;line-height:120%;font-family:\u0026quot;Tahoma\u0026quot;,sans-serif;color:#595959;mso-fareast-language:EN-IN\"\u003e:\u0026nbsp;+91-8802228275\u003c/span\u003e\u003cspan lang=\"EN-US\" style=\"mso-fareast-language:EN-IN\"\u003e\u003co:p\u003e\u003c/o:p\u003e\u003c/span\u003e\u003c/p\u003e\r\n\u003cp class=\"MsoNormal\"\u003e\u003cb\u003e\u003cspan style=\"font-size:9.0pt;font-family:\u0026quot;Tahoma\u0026quot;,sans-serif;color:#595959;background:white;mso-fareast-language:EN-IN\"\u003eWebsite\u003c/span\u003e\u003c/b\u003e\u003cspan style=\"font-size:9.0pt;font-family:\u0026quot;Tahoma\u0026quot;,sans-serif;color:#595959;background:white;mso-fareast-language:EN-IN\"\u003e:\u003c/span\u003e\u003cspan style=\"font-size:9.0pt;font-family:\u0026quot;Tahoma\u0026quot;,sans-serif;color:#44546A;background:white;mso-fareast-language:EN-IN\"\u003e\u0026nbsp;\u003c/span\u003e\u003cspan style=\"mso-fareast-language:EN-IN\"\u003e\u003ca href=\"http://www.unfyd.com/\"\u003e\u003cspan style=\"font-size:9.0pt;font-family:\u0026quot;Tahoma\u0026quot;,sans-serif;color:#0563C1\"\u003ewww.unfyd.com\u003c/span\u003e\u003c/a\u003e\u003co:p\u003e\u003c/o:p\u003e\u003c/span\u003e\u003c/p\u003e\r\n\u003cp class=\"MsoNormal\"\u003e\u003cspan style=\"mso-fareast-language:EN-IN\"\u003e\u003co:p\u003e\u0026nbsp;\u003c/o:p\u003e\u003c/span\u003e\u003c/p\u003e\r\n\u003cp class=\"MsoNormal\"\u003e\u003cspan style=\"font-size:10.0pt;font-family:\u0026quot;Constantia\u0026quot;,serif;color:#1F497D;mso-fareast-language:EN-IN\"\u003e\u003cimg border=\"0\" width=\"84\" height=\"86\" style=\"width:.875in;height:.8958in\" id=\"Picture_x0020_1\" src=\"cid:image001.gif@01D76CEB.08797190\"\u003e\u003c/span\u003e\u003cspan lang=\"EN-US\" style=\"mso-fareast-language:EN-IN\"\u003e\u003co:p\u003e\u003c/o:p\u003e\u003c/span\u003e\u003c/p\u003e\r\n\u003cp class=\"MsoNormal\"\u003e\u003co:p\u003e\u0026nbsp;\u003c/o:p\u003e\u003c/p\u003e\r\n\u003c/div\u003e\r\nhttps://unfyd.com/disclaimer.html\r\n\u003c/body\u003e\r\n\u003c/html\u003e\r\n",
            "ContactID": null,
            "SourceChannel": "EMAIL",
            "EmailSourceAccount": "Unfyd.service@gmail.com",
            "Escalation": "No",
            "RequestorRemark": null,
            "Online": "Offline",
            "CaseEntities": null,
            "EmailTo": "\"Mousumi  Borah\" \u003cmousumib@unfyd.com\u003e",
            "InteractionID": null,
            "CallbackReq": "No",
            "FullName": null,
            "SourceID": "Unfyd.service@gmail.com",
            "RequesterID": "7Wwk1y030621075647870",
            "DispositionId": null,
            "CreatedDate": "06/29/2021 13:31",
            "Remarks": null,
            "IsMerged": "False",
            "Attachment": "",
            "AssignedToTeam": "Support Team",
            "Status": "Open",
            "Junk": "No",
            "TeamID": "226",
            "AccountStatus": null,
            "EmailCC": "",
            "DynamicCaseAttributes": null,
            "Owner": "",
            "SubSubDispositionId": null,
            "ReplyEmailTo": "\"Mousumi  Borah\" \u003cmousumib@unfyd.com\u003e",
            "AssignedToAgent": "Ritika Agarwal",
            "AccountID": null,
            "FlowID": null,
            "CaseIntents": null,
            "ProductName": null,
            "DisplayEmailTo": "\"Unfyd.service@gmail.com\" \u003cunfyd.service@gmail.com\u003e",
            "Priority": "Low",
            "TypeID": "10",
            "RequesterUserType": "requester",
            "SNO": "1",
            "IsDeleted": null,
            "SubDispositionId": null,
            "Source": "EMAIL",
            "DisplayFrom": "\"Mousumi  Borah\" \u003cmousumib@unfyd.com\u003e",
            "CaseID": "210629133140005",
            "ChannelID": "1",
            "RequestedOwner": "7C6LEU",
            "ParentCaseID": null,
            "ProductID": null,
            "From": "7Wwk1y030621075647870"
        }
    ],
    "ContactDetails": [{
            "ContactID": null,
            "Status": null,
            "Twitter": null,
            "AdditionalInfo": null,
            "BlockedSender": "False",
            "Instagram": null,
            "AccountStatus": null,
            "Facebook": null,
            "PrimaryPhone": null,
            "contactexiststatus": "0",
            "Remarks": null,
            "ContactStatus": null,
            "AccountID": null,
            "FullName": "Mousumi  Borah",
            "PrimaryEmail": "mousumib@unfyd.com",
            "AccountName": null,
            "Whatsup": null,
            "Type": "Requester"
        }
    ],
    "MaxEmailSize": null,
    "Result": "Success"
}
