{
    "Result": "Success",
    "draw": 0,
    "recordsTotal": 16,
    "data": [{
            "caseid": "210629121139661",
            "Subject": "Hello",
            "FullName": "Pintu Pal",
            "AssignedToAgent": "Pintu Pal",
            "Status": "Open",
            "CreatedDate": "06/29/2021 12:11",
            "PrimaryPhone": null,
            "PrimaryEmail": "pintup@unfyd.com",
            "LastIxnDate": "06/29/2021 12:11",
            "LastIxnBy": "Customer",
            "CaseSource": "unfydicici@gmail.com",
            "UCreatedDate": "2021-06-29T12:11:39",
            "ULastIxnDate": "2021-06-29T12:11:39",
            "RequestorRemark": null,
            "RequestedBy": "Z69EVN",
            "EmailCC": ""
        }, {
            "caseid": "210629120839645",
            "Subject": "Hello, test email",
            "FullName": "Pintu Pal",
            "AssignedToAgent": "Pintu Pal",
            "Status": "Open",
            "CreatedDate": "06/29/2021 12:08",
            "PrimaryPhone": null,
            "PrimaryEmail": "pintup@unfyd.com",
            "LastIxnDate": "06/29/2021 12:08",
            "LastIxnBy": "Customer",
            "CaseSource": "unfydicici@gmail.com",
            "UCreatedDate": "2021-06-29T12:08:39",
            "ULastIxnDate": "2021-06-29T12:08:39",
            "RequestorRemark": null,
            "RequestedBy": "Z69EVN",
            "EmailCC": ""
        }, {
            "caseid": "210622102446245",
            "Subject": "Test Email",
            "FullName": "Pintu Pal",
            "AssignedToAgent": "Pintu Pal",
            "Status": "Open",
            "CreatedDate": "06/22/2021 10:24",
            "PrimaryPhone": null,
            "PrimaryEmail": "pintup@unfyd.com",
            "LastIxnDate": "06/22/2021 10:24",
            "LastIxnBy": "Customer",
            "CaseSource": "unfydicici@gmail.com",
            "UCreatedDate": "2021-06-22T10:24:46",
            "ULastIxnDate": "2021-06-22T10:24:46",
            "RequestorRemark": null,
            "RequestedBy": "Z69EVN",
            "EmailCC": ""
        }, {
            "caseid": "210620180043735",
            "Subject": "Re: Case #210620165439734 has been created on your behalf.",
            "FullName": "Pintu Pal",
            "AssignedToAgent": "Pintu Pal",
            "Status": "Open",
            "CreatedDate": "06/20/2021 18:00",
            "PrimaryPhone": null,
            "PrimaryEmail": "pintup@unfyd.com",
            "LastIxnDate": "06/20/2021 18:51",
            "LastIxnBy": "Agent",
            "CaseSource": "unfydicici@gmail.com",
            "UCreatedDate": "2021-06-20T18:00:43",
            "ULastIxnDate": "2021-06-20T18:51:17",
            "RequestorRemark": null,
            "RequestedBy": "Z69EVN",
            "EmailCC": ""
        }, {
            "caseid": "210618194459748",
            "Subject": "",
            "FullName": "Mousumi  Borah",
            "AssignedToAgent": "Pintu Pal",
            "Status": "Open",
            "CreatedDate": "06/18/2021 19:44",
            "PrimaryPhone": null,
            "PrimaryEmail": "mousumib@unfyd.com",
            "LastIxnDate": "06/18/2021 19:55",
            "LastIxnBy": "Agent",
            "CaseSource": "unfydicici@gmail.com",
            "UCreatedDate": "2021-06-18T19:44:59",
            "ULastIxnDate": "2021-06-18T19:55:11",
            "RequestorRemark": null,
            "RequestedBy": "Z69EVN",
            "EmailCC": ""
        }, {
            "caseid": "210618155726182",
            "Subject": "Test Email for Rutu",
            "FullName": "lukmans@unfyd.com",
            "AssignedToAgent": "Pintu Pal",
            "Status": "Open",
            "CreatedDate": "06/18/2021 15:57",
            "PrimaryPhone": "9999999999",
            "PrimaryEmail": "lukmans@unfyd.com",
            "LastIxnDate": "06/18/2021 15:57",
            "LastIxnBy": "Customer",
            "CaseSource": "unfydicici@gmail.com",
            "UCreatedDate": "2021-06-18T15:57:26",
            "ULastIxnDate": "2021-06-18T15:57:26",
            "RequestorRemark": null,
            "RequestedBy": "Z69EVN",
            "EmailCC": ""
        }, {
            "caseid": "210615182154692",
            "Subject": "Hello",
            "FullName": "Pintu Pal",
            "AssignedToAgent": "Pintu Pal",
            "Status": "Open",
            "CreatedDate": "06/15/2021 18:21",
            "PrimaryPhone": null,
            "PrimaryEmail": "pintup@unfyd.com",
            "LastIxnDate": "06/15/2021 18:21",
            "LastIxnBy": "Customer",
            "CaseSource": "unfydicici@gmail.com",
            "UCreatedDate": "2021-06-15T18:21:54",
            "ULastIxnDate": "2021-06-15T18:21:54",
            "RequestorRemark": null,
            "RequestedBy": "Z69EVN",
            "EmailCC": ""
        }, {
            "caseid": "210615181855315",
            "Subject": "Test Email",
            "FullName": "Pintu Pal",
            "AssignedToAgent": "Pintu Pal",
            "Status": "Open",
            "CreatedDate": "06/15/2021 18:18",
            "PrimaryPhone": null,
            "PrimaryEmail": "pintup@unfyd.com",
            "LastIxnDate": "06/15/2021 18:18",
            "LastIxnBy": "Customer",
            "CaseSource": "unfydicici@gmail.com",
            "UCreatedDate": "2021-06-15T18:18:55",
            "ULastIxnDate": "2021-06-15T18:18:55",
            "RequestorRemark": null,
            "RequestedBy": "Z69EVN",
            "EmailCC": ""
        }, {
            "caseid": "210614192505185",
            "Subject": "",
            "FullName": "Mousumi  Borah",
            "AssignedToAgent": "Pintu Pal",
            "Status": "Open",
            "CreatedDate": "06/14/2021 19:25",
            "PrimaryPhone": null,
            "PrimaryEmail": "mousumib@unfyd.com",
            "LastIxnDate": "06/14/2021 19:25",
            "LastIxnBy": "Customer",
            "CaseSource": "unfydicici@gmail.com",
            "UCreatedDate": "2021-06-14T19:25:05",
            "ULastIxnDate": "2021-06-14T19:25:05",
            "RequestorRemark": null,
            "RequestedBy": "Z69EVN",
            "EmailCC": ""
        }, {
            "caseid": "210614151002096",
            "Subject": "Hello, test email",
            "FullName": "Pintu Pal",
            "AssignedToAgent": "Pintu Pal",
            "Status": "Open",
            "CreatedDate": "06/14/2021 15:10",
            "PrimaryPhone": null,
            "PrimaryEmail": "pintup@unfyd.com",
            "LastIxnDate": "06/14/2021 15:10",
            "LastIxnBy": "Customer",
            "CaseSource": "unfydicici@gmail.com",
            "UCreatedDate": "2021-06-14T15:10:02",
            "ULastIxnDate": "2021-06-14T15:10:02",
            "RequestorRemark": null,
            "RequestedBy": "Z69EVN",
            "EmailCC": ""
        }, {
            "caseid": "210608153229529",
            "Subject": "test email",
            "FullName": "Pintu Pal",
            "AssignedToAgent": "Pintu Pal",
            "Status": "Open",
            "CreatedDate": "06/08/2021 15:32",
            "PrimaryPhone": null,
            "PrimaryEmail": "pintup@unfyd.com",
            "LastIxnDate": "06/08/2021 15:32",
            "LastIxnBy": "Customer",
            "CaseSource": "unfydicici@gmail.com",
            "UCreatedDate": "2021-06-08T15:32:29",
            "ULastIxnDate": "2021-06-08T15:32:29",
            "RequestorRemark": null,
            "RequestedBy": "Z69EVN",
            "EmailCC": ""
        }, {
            "caseid": "210601193837176",
            "Subject": "Test Email",
            "FullName": "Pintu Pal",
            "AssignedToAgent": "Pintu Pal",
            "Status": "Open",
            "CreatedDate": "06/01/2021 19:38",
            "PrimaryPhone": null,
            "PrimaryEmail": "pintup@unfyd.com",
            "LastIxnDate": "06/01/2021 19:38",
            "LastIxnBy": "Customer",
            "CaseSource": "unfydicici@gmail.com",
            "UCreatedDate": "2021-06-01T19:38:37",
            "ULastIxnDate": "2021-06-01T19:38:37",
            "RequestorRemark": null,
            "RequestedBy": "Z69EVN",
            "EmailCC": ""
        }, {
            "caseid": "210520172525237",
            "Subject": "Test email",
            "FullName": "Pintu Pal",
            "AssignedToAgent": "Pintu Pal",
            "Status": "Open",
            "CreatedDate": "05/20/2021 17:25",
            "PrimaryPhone": null,
            "PrimaryEmail": "pintup@unfyd.com",
            "LastIxnDate": "06/20/2021 18:51",
            "LastIxnBy": "Agent",
            "CaseSource": "unfydicici@gmail.com",
            "UCreatedDate": "2021-05-20T17:25:25",
            "ULastIxnDate": "2021-06-20T18:51:34",
            "RequestorRemark": null,
            "RequestedBy": "Z69EVN",
            "EmailCC": ""
        }, {
            "caseid": "210520152929441",
            "Subject": "test email from pintu without attachment",
            "FullName": "Pintu Pal",
            "AssignedToAgent": "Pintu Pal",
            "Status": "Open",
            "CreatedDate": "05/20/2021 15:29",
            "PrimaryPhone": null,
            "PrimaryEmail": "pintup@unfyd.com",
            "LastIxnDate": "06/20/2021 17:16",
            "LastIxnBy": "Agent",
            "CaseSource": "unfydicici@gmail.com",
            "UCreatedDate": "2021-05-20T15:29:29",
            "ULastIxnDate": "2021-06-20T17:16:19",
            "RequestorRemark": null,
            "RequestedBy": "Z69EVN",
            "EmailCC": ""
        }, {
            "caseid": "210520152929952",
            "Subject": "Test Mail at 3.19 pm",
            "FullName": "avinashk@unfyd.com",
            "AssignedToAgent": "Pintu Pal",
            "Status": "Open",
            "CreatedDate": "05/20/2021 15:29",
            "PrimaryPhone": "9999999999",
            "PrimaryEmail": "avinashk@unfyd.com",
            "LastIxnDate": "05/20/2021 15:29",
            "LastIxnBy": "Customer",
            "CaseSource": "unfydicici@gmail.com",
            "UCreatedDate": "2021-05-20T15:29:29",
            "ULastIxnDate": "2021-05-20T15:29:30",
            "RequestorRemark": null,
            "RequestedBy": "Z69EVN",
            "EmailCC": ""
        }, {
            "caseid": "210520152926052",
            "Subject": "test email",
            "FullName": "Pintu Pal",
            "AssignedToAgent": "Pintu Pal",
            "Status": "Open",
            "CreatedDate": "05/20/2021 15:29",
            "PrimaryPhone": null,
            "PrimaryEmail": "pintup@unfyd.com",
            "LastIxnDate": "05/20/2021 15:29",
            "LastIxnBy": "Customer",
            "CaseSource": "unfydicici@gmail.com",
            "UCreatedDate": "2021-05-20T15:29:26",
            "ULastIxnDate": "2021-05-20T15:29:26",
            "RequestorRemark": null,
            "RequestedBy": "Z69EVN",
            "EmailCC": ""
        }
    ]
}
